player,sessions_played,games_played,total_rounds,rounds_correct,accuracy_pct,avg_answer_time_sec,recognition_attempts,recognition_success_pct,avg_recognize_elapsed_sec
Hải,11,"AddNumberGame, FamilySpellingGame, PlanetAlphabetGame, PlanetOrderGame, TestTongHop, TestTongHopGame",9,0,0.0,12.24,123,100.0,1.76
Player_1,17,"AddNumberGame, PathFinderGame, PlanetAlphabetGame, PlanetOrderGame, TestTongHopGame, WordHuntMazeGame",2,1,50.0,3.27,61,0.0,4.02
Player_2,18,"AddNumberGame, FamilySpellingGame, PathFinderGame, PlanetAlphabetGame, PlanetOrderGame, TestTongHop, TestTongHopGame, WordHuntMazeGame",9,2,22.2,12.24,53,0.0,4.04
Quốc Anh,11,"AddNumberGame, PlanetAlphabetGame, PlanetOrderGame, WordHuntMazeGame",0,0,,,139,100.0,1.66
Việt,4,"AddNumberGame, PlanetAlphabetGame, TestTongHopGame",0,0,,,26,100.0,1.81
Xuân Đức,4,"AddNumberGame, PlanetAlphabetGame",0,0,,,21,100.0,1.99
chinhdq,1,AddNumberGame,0,0,,,1,100.0,1.97
nam,1,AddNumberGame,0,0,,,1,100.0,3.01
Đạt,7,"AddNumberGame, PlanetAlphabetGame, PlanetOrderGame, WordHuntMazeGame",2,2,100.0,2.51,43,100.0,2.0
